{"stats":{"minecraft:mined":{"minecraft:packed_ice":1},"minecraft:used":{"minecraft:elytra":1,"minecraft:firework_rocket":36},"minecraft:custom":{"minecraft:jump":22,"minecraft:open_chest":2,"minecraft:time_since_rest":6081,"minecraft:sprint_one_cm":90,"minecraft:leave_game":2,"minecraft:play_time":6081,"minecraft:damage_taken":55,"minecraft:time_since_death":6081,"minecraft:walk_one_cm":7007,"minecraft:total_world_time":6081,"minecraft:fall_one_cm":785,"minecraft:fly_one_cm":6518,"minecraft:aviate_one_cm":512457}},"DataVersion":2975}