{"stats":{"minecraft:crafted":{"minecraft:birch_planks":4},"minecraft:picked_up":{"minecraft:birch_log":1,"minecraft:birch_sapling":1,"minecraft:wheat_seeds":1,"minecraft:dirt":6},"minecraft:custom":{"minecraft:jump":50,"minecraft:damage_dealt":104,"minecraft:leave_game":2,"minecraft:crouch_one_cm":816,"minecraft:play_time":15816,"minecraft:sprint_one_cm":6112,"minecraft:damage_taken":175,"minecraft:time_since_death":15816,"minecraft:walk_one_cm":5229,"minecraft:sneak_time":156,"minecraft:total_world_time":15816,"minecraft:fall_one_cm":1045,"minecraft:fly_one_cm":7383,"minecraft:time_since_rest":15816},"minecraft:used":{"minecraft:dirt":6},"minecraft:mined":{"minecraft:birch_log":1,"minecraft:grass":5,"minecraft:grass_block":6,"minecraft:birch_leaves":1}},"DataVersion":2975}