{"stats":{"minecraft:mined":{"minecraft:grass":5,"minecraft:grass_block":6,"minecraft:birch_log":1,"minecraft:birch_leaves":1},"minecraft:custom":{"minecraft:time_since_rest":20193,"minecraft:crouch_one_cm":822,"minecraft:sprint_one_cm":6989,"minecraft:play_time":20193,"minecraft:damage_taken":175,"minecraft:walk_one_cm":10809,"minecraft:sneak_time":179,"minecraft:jump":69,"minecraft:damage_dealt":104,"minecraft:leave_game":3,"minecraft:time_since_death":20193,"minecraft:total_world_time":20193,"minecraft:fall_one_cm":1045,"minecraft:fly_one_cm":39824},"minecraft:used":{"minecraft:bee_spawn_egg":4,"minecraft:dirt":6,"minecraft:bee_nest":2},"minecraft:crafted":{"minecraft:birch_planks":4},"minecraft:picked_up":{"minecraft:birch_log":1,"minecraft:bee_nest":1,"minecraft:wheat_seeds":1,"minecraft:birch_sapling":1,"minecraft:dirt":6}},"DataVersion":2975}