{
  "minecraft:end/elytra": {
    "criteria": {
      "elytra": "2024-05-16 04:23:41 +0000"
    },
    "done": true
  },
  "minecraft:adventure/adventuring_time": {
    "criteria": {
      "minecraft:frozen_river": "2024-05-16 04:24:40 +0000",
      "minecraft:beach": "2024-05-16 04:24:14 +0000",
      "minecraft:river": "2024-05-16 04:24:18 +0000",
      "minecraft:snowy_plains": "2024-05-16 04:24:21 +0000",
      "minecraft:cold_ocean": "2024-05-16 04:25:57 +0000",
      "minecraft:forest": "2024-05-16 04:19:35 +0000",
      "minecraft:frozen_ocean": "2024-05-16 04:26:09 +0000"
    },
    "done": false
  },
  "DataVersion": 2975
}